# f2_ablation_sweep provenance (W3C PROV / RO-Crate, arXiv:2312.07852)
# prov:generatedAt = 1780310200 (unix seconds UTC)
# prov:wasGeneratedBy = f2_ablation_sweep --mode warmup_stratified --steps 200
# prov:agent_git_sha = 6ac812d
# prov:host = playras-MacBook-Pro.local
# prov:trainer_internals_schema = trainer_internals_v1_2026_06_01
# prov:cargo_pkg_version = 0.1.0
# Bump trainer_internals_schema in src/race/multi_seed.rs when LCG/init/forward changes.
mode,fix_name,fix_index,cumulative_n,seed,bpb,config_hash,wall_s
warmup0_cumulative,baseline,0,0,42,0.659831,0x34c4fa8f4a9b6986,1.558
warmup0_cumulative,baseline,0,0,43,1.261980,0x34c4fa8f4a9b6986,1.558
warmup0_cumulative,baseline,0,0,44,1.203013,0x34c4fa8f4a9b6986,1.558
warmup0_cumulative,baseline,0,0,45,0.743538,0x34c4fa8f4a9b6986,1.558
warmup0_cumulative,baseline,0,0,46,1.011571,0x34c4fa8f4a9b6986,1.558
warmup0_cumulative,rms,1,1,42,0.715138,0xe88d3f4ca166a0e7,1.532
warmup0_cumulative,rms,1,1,43,0.695619,0xe88d3f4ca166a0e7,1.532
warmup0_cumulative,rms,1,1,44,0.801220,0xe88d3f4ca166a0e7,1.532
warmup0_cumulative,rms,1,1,45,0.311537,0xe88d3f4ca166a0e7,1.532
warmup0_cumulative,rms,1,1,46,0.269571,0xe88d3f4ca166a0e7,1.532
warmup0_cumulative,warmup,2,2,42,0.715138,0xe88d3f4ca166a0e7,1.568
warmup0_cumulative,warmup,2,2,43,0.695619,0xe88d3f4ca166a0e7,1.568
warmup0_cumulative,warmup,2,2,44,0.801220,0xe88d3f4ca166a0e7,1.568
warmup0_cumulative,warmup,2,2,45,0.311537,0xe88d3f4ca166a0e7,1.568
warmup0_cumulative,warmup,2,2,46,0.269571,0xe88d3f4ca166a0e7,1.568
warmup0_cumulative,gradclip,3,3,42,0.763957,0xe34e643dd0ae8b9a,1.531
warmup0_cumulative,gradclip,3,3,43,0.718357,0xe34e643dd0ae8b9a,1.531
warmup0_cumulative,gradclip,3,3,44,0.831661,0xe34e643dd0ae8b9a,1.531
warmup0_cumulative,gradclip,3,3,45,0.280913,0xe34e643dd0ae8b9a,1.531
warmup0_cumulative,gradclip,3,3,46,0.283562,0xe34e643dd0ae8b9a,1.531
warmup0_cumulative,clamp,4,4,42,0.763957,0xd7e8f170232b7c87,1.534
warmup0_cumulative,clamp,4,4,43,0.718357,0xd7e8f170232b7c87,1.534
warmup0_cumulative,clamp,4,4,44,0.831661,0xd7e8f170232b7c87,1.534
warmup0_cumulative,clamp,4,4,45,0.280913,0xd7e8f170232b7c87,1.534
warmup0_cumulative,clamp,4,4,46,0.283562,0xd7e8f170232b7c87,1.534
warmup0_cumulative,smooth,5,5,42,0.763957,0xe7abd2f0afd95725,1.534
warmup0_cumulative,smooth,5,5,43,0.718357,0xe7abd2f0afd95725,1.534
warmup0_cumulative,smooth,5,5,44,0.831661,0xe7abd2f0afd95725,1.534
warmup0_cumulative,smooth,5,5,45,0.280913,0xe7abd2f0afd95725,1.534
warmup0_cumulative,smooth,5,5,46,0.283562,0xe7abd2f0afd95725,1.534
warmup0_cumulative,wd,6,6,42,4.983576,0x0ea23382abc0d134,1.581
warmup0_cumulative,wd,6,6,43,5.036129,0x0ea23382abc0d134,1.581
warmup0_cumulative,wd,6,6,44,5.055425,0x0ea23382abc0d134,1.581
warmup0_cumulative,wd,6,6,45,5.075997,0x0ea23382abc0d134,1.581
warmup0_cumulative,wd,6,6,46,5.036341,0x0ea23382abc0d134,1.581
warmup0_cumulative,dropout,7,7,42,5.108934,0x5b771a9fcf147a76,1.561
warmup0_cumulative,dropout,7,7,43,5.109877,0x5b771a9fcf147a76,1.561
warmup0_cumulative,dropout,7,7,44,5.162536,0x5b771a9fcf147a76,1.561
warmup0_cumulative,dropout,7,7,45,5.138375,0x5b771a9fcf147a76,1.561
warmup0_cumulative,dropout,7,7,46,5.140157,0x5b771a9fcf147a76,1.561
warmup0_loco,rms,0,,42,5.999999,0x9d8097c4b39b2b9b,1.313
warmup0_loco,rms,0,,43,5.999999,0x9d8097c4b39b2b9b,1.313
warmup0_loco,rms,0,,44,5.999999,0x9d8097c4b39b2b9b,1.313
warmup0_loco,rms,0,,45,5.999999,0x9d8097c4b39b2b9b,1.313
warmup0_loco,rms,0,,46,5.999999,0x9d8097c4b39b2b9b,1.313
warmup0_loco,warmup,1,,42,5.108934,0x5b771a9fcf147a76,1.552
warmup0_loco,warmup,1,,43,5.109877,0x5b771a9fcf147a76,1.552
warmup0_loco,warmup,1,,44,5.162536,0x5b771a9fcf147a76,1.552
warmup0_loco,warmup,1,,45,5.138375,0x5b771a9fcf147a76,1.552
warmup0_loco,warmup,1,,46,5.140157,0x5b771a9fcf147a76,1.552
warmup0_loco,gradclip,2,,42,5.088123,0x0fdbf670cfc806db,1.560
warmup0_loco,gradclip,2,,43,5.104992,0x0fdbf670cfc806db,1.560
warmup0_loco,gradclip,2,,44,5.175659,0x0fdbf670cfc806db,1.560
warmup0_loco,gradclip,2,,45,5.118495,0x0fdbf670cfc806db,1.560
warmup0_loco,gradclip,2,,46,5.083070,0x0fdbf670cfc806db,1.560
warmup0_loco,clamp,3,,42,5.108934,0x0fdbf670cfc806db,1.592
warmup0_loco,clamp,3,,43,5.109877,0x0fdbf670cfc806db,1.592
warmup0_loco,clamp,3,,44,5.162536,0x0fdbf670cfc806db,1.592
warmup0_loco,clamp,3,,45,5.138375,0x0fdbf670cfc806db,1.592
warmup0_loco,clamp,3,,46,5.140157,0x0fdbf670cfc806db,1.592
warmup0_loco,smooth,4,,42,5.108934,0x6e9fad3ace3ed280,1.549
warmup0_loco,smooth,4,,43,5.109877,0x6e9fad3ace3ed280,1.549
warmup0_loco,smooth,4,,44,5.162536,0x6e9fad3ace3ed280,1.549
warmup0_loco,smooth,4,,45,5.138375,0x6e9fad3ace3ed280,1.549
warmup0_loco,smooth,4,,46,5.140157,0x6e9fad3ace3ed280,1.549
warmup0_loco,wd,5,,42,0.263212,0x80d845483b97c88b,1.517
warmup0_loco,wd,5,,43,0.258395,0x80d845483b97c88b,1.517
warmup0_loco,wd,5,,44,0.242818,0x80d845483b97c88b,1.517
warmup0_loco,wd,5,,45,0.269532,0x80d845483b97c88b,1.517
warmup0_loco,wd,5,,46,0.251931,0x80d845483b97c88b,1.517
warmup0_loco,dropout,6,,42,4.983576,0x0ea23382abc0d134,1.581
warmup0_loco,dropout,6,,43,5.036129,0x0ea23382abc0d134,1.581
warmup0_loco,dropout,6,,44,5.055425,0x0ea23382abc0d134,1.581
warmup0_loco,dropout,6,,45,5.075997,0x0ea23382abc0d134,1.581
warmup0_loco,dropout,6,,46,5.036341,0x0ea23382abc0d134,1.581
warmup0_pairwise,full_stack,-1,,42,5.108934,0x5b771a9fcf147a76,1.538
warmup0_pairwise,full_stack,-1,,43,5.109877,0x5b771a9fcf147a76,1.538
warmup0_pairwise,full_stack,-1,,44,5.162536,0x5b771a9fcf147a76,1.538
warmup0_pairwise,full_stack,-1,,45,5.138375,0x5b771a9fcf147a76,1.538
warmup0_pairwise,full_stack,-1,,46,5.140157,0x5b771a9fcf147a76,1.538
warmup0_pairwise,pair_rms_warmup,0,,42,5.999999,0x9d8097c4b39b2b9b,1.323
warmup0_pairwise,pair_rms_warmup,0,,43,5.999999,0x9d8097c4b39b2b9b,1.323
warmup0_pairwise,pair_rms_warmup,0,,44,5.999999,0x9d8097c4b39b2b9b,1.323
warmup0_pairwise,pair_rms_warmup,0,,45,5.999999,0x9d8097c4b39b2b9b,1.323
warmup0_pairwise,pair_rms_warmup,0,,46,5.999999,0x9d8097c4b39b2b9b,1.323
warmup0_pairwise,pair_rms_gradclip,1,,42,5.999999,0x4900b6e3f78f5c96,1.343
warmup0_pairwise,pair_rms_gradclip,1,,43,5.999999,0x4900b6e3f78f5c96,1.343
warmup0_pairwise,pair_rms_gradclip,1,,44,5.999999,0x4900b6e3f78f5c96,1.343
warmup0_pairwise,pair_rms_gradclip,1,,45,5.999999,0x4900b6e3f78f5c96,1.343
warmup0_pairwise,pair_rms_gradclip,1,,46,5.999999,0x4900b6e3f78f5c96,1.343
warmup0_pairwise,pair_rms_clamp,2,,42,5.999999,0x4900b6e3f78f5c96,1.366
warmup0_pairwise,pair_rms_clamp,2,,43,5.999999,0x4900b6e3f78f5c96,1.366
warmup0_pairwise,pair_rms_clamp,2,,44,5.999999,0x4900b6e3f78f5c96,1.366
warmup0_pairwise,pair_rms_clamp,2,,45,5.999999,0x4900b6e3f78f5c96,1.366
warmup0_pairwise,pair_rms_clamp,2,,46,5.999999,0x4900b6e3f78f5c96,1.366
warmup0_pairwise,pair_rms_smooth,3,,42,5.999999,0x8a739b2714301545,1.409
warmup0_pairwise,pair_rms_smooth,3,,43,5.999999,0x8a739b2714301545,1.409
warmup0_pairwise,pair_rms_smooth,3,,44,5.999999,0x8a739b2714301545,1.409
warmup0_pairwise,pair_rms_smooth,3,,45,5.999999,0x8a739b2714301545,1.409
warmup0_pairwise,pair_rms_smooth,3,,46,5.999999,0x8a739b2714301545,1.409
warmup0_pairwise,pair_rms_wd,4,,42,0.785157,0xae62e388d4083a66,1.535
warmup0_pairwise,pair_rms_wd,4,,43,1.614273,0xae62e388d4083a66,1.535
warmup0_pairwise,pair_rms_wd,4,,44,1.369380,0xae62e388d4083a66,1.535
warmup0_pairwise,pair_rms_wd,4,,45,0.724836,0xae62e388d4083a66,1.535
warmup0_pairwise,pair_rms_wd,4,,46,0.547710,0xae62e388d4083a66,1.535
warmup0_pairwise,pair_rms_dropout,5,,42,5.999999,0x0d298cb6a4a0ded5,1.359
warmup0_pairwise,pair_rms_dropout,5,,43,5.999999,0x0d298cb6a4a0ded5,1.359
warmup0_pairwise,pair_rms_dropout,5,,44,5.999999,0x0d298cb6a4a0ded5,1.359
warmup0_pairwise,pair_rms_dropout,5,,45,5.999999,0x0d298cb6a4a0ded5,1.359
warmup0_pairwise,pair_rms_dropout,5,,46,5.999999,0x0d298cb6a4a0ded5,1.359
warmup0_pairwise,pair_warmup_gradclip,6,,42,5.088123,0x0fdbf670cfc806db,1.480
warmup0_pairwise,pair_warmup_gradclip,6,,43,5.104992,0x0fdbf670cfc806db,1.480
warmup0_pairwise,pair_warmup_gradclip,6,,44,5.175659,0x0fdbf670cfc806db,1.480
warmup0_pairwise,pair_warmup_gradclip,6,,45,5.118495,0x0fdbf670cfc806db,1.480
warmup0_pairwise,pair_warmup_gradclip,6,,46,5.083070,0x0fdbf670cfc806db,1.480
warmup0_pairwise,pair_warmup_clamp,7,,42,5.108934,0x0fdbf670cfc806db,1.535
warmup0_pairwise,pair_warmup_clamp,7,,43,5.109877,0x0fdbf670cfc806db,1.535
warmup0_pairwise,pair_warmup_clamp,7,,44,5.162536,0x0fdbf670cfc806db,1.535
warmup0_pairwise,pair_warmup_clamp,7,,45,5.138375,0x0fdbf670cfc806db,1.535
warmup0_pairwise,pair_warmup_clamp,7,,46,5.140157,0x0fdbf670cfc806db,1.535
warmup0_pairwise,pair_warmup_smooth,8,,42,5.108934,0x6e9fad3ace3ed280,1.503
warmup0_pairwise,pair_warmup_smooth,8,,43,5.109877,0x6e9fad3ace3ed280,1.503
warmup0_pairwise,pair_warmup_smooth,8,,44,5.162536,0x6e9fad3ace3ed280,1.503
warmup0_pairwise,pair_warmup_smooth,8,,45,5.138375,0x6e9fad3ace3ed280,1.503
warmup0_pairwise,pair_warmup_smooth,8,,46,5.140157,0x6e9fad3ace3ed280,1.503
warmup0_pairwise,pair_warmup_wd,9,,42,0.263212,0x80d845483b97c88b,1.473
warmup0_pairwise,pair_warmup_wd,9,,43,0.258395,0x80d845483b97c88b,1.473
warmup0_pairwise,pair_warmup_wd,9,,44,0.242818,0x80d845483b97c88b,1.473
warmup0_pairwise,pair_warmup_wd,9,,45,0.269532,0x80d845483b97c88b,1.473
warmup0_pairwise,pair_warmup_wd,9,,46,0.251931,0x80d845483b97c88b,1.473
warmup0_pairwise,pair_warmup_dropout,10,,42,4.983576,0x0ea23382abc0d134,1.582
warmup0_pairwise,pair_warmup_dropout,10,,43,5.036129,0x0ea23382abc0d134,1.582
warmup0_pairwise,pair_warmup_dropout,10,,44,5.055425,0x0ea23382abc0d134,1.582
warmup0_pairwise,pair_warmup_dropout,10,,45,5.075997,0x0ea23382abc0d134,1.582
warmup0_pairwise,pair_warmup_dropout,10,,46,5.036341,0x0ea23382abc0d134,1.582
warmup0_pairwise,pair_gradclip_clamp,11,,42,5.088123,0xf8f9602a9a375dd6,1.503
warmup0_pairwise,pair_gradclip_clamp,11,,43,5.104992,0xf8f9602a9a375dd6,1.503
warmup0_pairwise,pair_gradclip_clamp,11,,44,5.175659,0xf8f9602a9a375dd6,1.503
warmup0_pairwise,pair_gradclip_clamp,11,,45,5.118495,0xf8f9602a9a375dd6,1.503
warmup0_pairwise,pair_gradclip_clamp,11,,46,5.083070,0xf8f9602a9a375dd6,1.503
warmup0_pairwise,pair_gradclip_smooth,12,,42,5.088123,0x009f5a10060e3259,1.551
warmup0_pairwise,pair_gradclip_smooth,12,,43,5.104992,0x009f5a10060e3259,1.551
warmup0_pairwise,pair_gradclip_smooth,12,,44,5.175659,0x009f5a10060e3259,1.551
warmup0_pairwise,pair_gradclip_smooth,12,,45,5.118495,0x009f5a10060e3259,1.551
warmup0_pairwise,pair_gradclip_smooth,12,,46,5.083070,0x009f5a10060e3259,1.551
warmup0_pairwise,pair_gradclip_wd,13,,42,0.257762,0xae0b2a0e77dec666,1.465
warmup0_pairwise,pair_gradclip_wd,13,,43,0.254067,0xae0b2a0e77dec666,1.465
warmup0_pairwise,pair_gradclip_wd,13,,44,0.402036,0xae0b2a0e77dec666,1.465
warmup0_pairwise,pair_gradclip_wd,13,,45,0.284965,0xae0b2a0e77dec666,1.465
warmup0_pairwise,pair_gradclip_wd,13,,46,0.713807,0xae0b2a0e77dec666,1.465
warmup0_pairwise,pair_gradclip_dropout,14,,42,5.006084,0x229ef56bfde34f95,1.542
warmup0_pairwise,pair_gradclip_dropout,14,,43,5.061947,0x229ef56bfde34f95,1.542
warmup0_pairwise,pair_gradclip_dropout,14,,44,5.028070,0x229ef56bfde34f95,1.542
warmup0_pairwise,pair_gradclip_dropout,14,,45,5.053823,0x229ef56bfde34f95,1.542
warmup0_pairwise,pair_gradclip_dropout,14,,46,5.041108,0x229ef56bfde34f95,1.542
warmup0_pairwise,pair_clamp_smooth,15,,42,5.108934,0x009f5a10060e3259,1.516
warmup0_pairwise,pair_clamp_smooth,15,,43,5.109877,0x009f5a10060e3259,1.516
warmup0_pairwise,pair_clamp_smooth,15,,44,5.162536,0x009f5a10060e3259,1.516
warmup0_pairwise,pair_clamp_smooth,15,,45,5.138375,0x009f5a10060e3259,1.516
warmup0_pairwise,pair_clamp_smooth,15,,46,5.140157,0x009f5a10060e3259,1.516
warmup0_pairwise,pair_clamp_wd,16,,42,0.263212,0xae0b2a0e77dec666,1.449
warmup0_pairwise,pair_clamp_wd,16,,43,0.258395,0xae0b2a0e77dec666,1.449
warmup0_pairwise,pair_clamp_wd,16,,44,0.242818,0xae0b2a0e77dec666,1.449
warmup0_pairwise,pair_clamp_wd,16,,45,0.269532,0xae0b2a0e77dec666,1.449
warmup0_pairwise,pair_clamp_wd,16,,46,0.251931,0xae0b2a0e77dec666,1.449
warmup0_pairwise,pair_clamp_dropout,17,,42,4.983576,0x229ef56bfde34f95,1.730
warmup0_pairwise,pair_clamp_dropout,17,,43,5.036129,0x229ef56bfde34f95,1.730
warmup0_pairwise,pair_clamp_dropout,17,,44,5.055425,0x229ef56bfde34f95,1.730
warmup0_pairwise,pair_clamp_dropout,17,,45,5.075997,0x229ef56bfde34f95,1.730
warmup0_pairwise,pair_clamp_dropout,17,,46,5.036341,0x229ef56bfde34f95,1.730
warmup0_pairwise,pair_smooth_wd,18,,42,0.263212,0x791ac26f51670da5,1.453
warmup0_pairwise,pair_smooth_wd,18,,43,0.258395,0x791ac26f51670da5,1.453
warmup0_pairwise,pair_smooth_wd,18,,44,0.242818,0x791ac26f51670da5,1.453
warmup0_pairwise,pair_smooth_wd,18,,45,0.269532,0x791ac26f51670da5,1.453
warmup0_pairwise,pair_smooth_wd,18,,46,0.251931,0x791ac26f51670da5,1.453
warmup0_pairwise,pair_smooth_dropout,19,,42,4.983576,0x2d9c32deab2b7fc6,1.572
warmup0_pairwise,pair_smooth_dropout,19,,43,5.036129,0x2d9c32deab2b7fc6,1.572
warmup0_pairwise,pair_smooth_dropout,19,,44,5.055425,0x2d9c32deab2b7fc6,1.572
warmup0_pairwise,pair_smooth_dropout,19,,45,5.075997,0x2d9c32deab2b7fc6,1.572
warmup0_pairwise,pair_smooth_dropout,19,,46,5.036341,0x2d9c32deab2b7fc6,1.572
warmup0_pairwise,pair_wd_dropout,20,,42,0.763957,0xe7abd2f0afd95725,1.483
warmup0_pairwise,pair_wd_dropout,20,,43,0.718357,0xe7abd2f0afd95725,1.483
warmup0_pairwise,pair_wd_dropout,20,,44,0.831661,0xe7abd2f0afd95725,1.483
warmup0_pairwise,pair_wd_dropout,20,,45,0.280913,0xe7abd2f0afd95725,1.483
warmup0_pairwise,pair_wd_dropout,20,,46,0.283562,0xe7abd2f0afd95725,1.483
warmup0_triplet,full_stack,-1,,42,5.108934,0x5b771a9fcf147a76,1.479
warmup0_triplet,full_stack,-1,,43,5.109877,0x5b771a9fcf147a76,1.479
warmup0_triplet,full_stack,-1,,44,5.162536,0x5b771a9fcf147a76,1.479
warmup0_triplet,full_stack,-1,,45,5.138375,0x5b771a9fcf147a76,1.479
warmup0_triplet,full_stack,-1,,46,5.140157,0x5b771a9fcf147a76,1.479
warmup0_triplet,triplet_rms_warmup_gradclip,0,,42,5.999999,0x4900b6e3f78f5c96,1.262
warmup0_triplet,triplet_rms_warmup_gradclip,0,,43,5.999999,0x4900b6e3f78f5c96,1.262
warmup0_triplet,triplet_rms_warmup_gradclip,0,,44,5.999999,0x4900b6e3f78f5c96,1.262
warmup0_triplet,triplet_rms_warmup_gradclip,0,,45,5.999999,0x4900b6e3f78f5c96,1.262
warmup0_triplet,triplet_rms_warmup_gradclip,0,,46,5.999999,0x4900b6e3f78f5c96,1.262
warmup0_triplet,triplet_rms_warmup_clamp,1,,42,5.999999,0x4900b6e3f78f5c96,1.356
warmup0_triplet,triplet_rms_warmup_clamp,1,,43,5.999999,0x4900b6e3f78f5c96,1.356
warmup0_triplet,triplet_rms_warmup_clamp,1,,44,5.999999,0x4900b6e3f78f5c96,1.356
warmup0_triplet,triplet_rms_warmup_clamp,1,,45,5.999999,0x4900b6e3f78f5c96,1.356
warmup0_triplet,triplet_rms_warmup_clamp,1,,46,5.999999,0x4900b6e3f78f5c96,1.356
warmup0_triplet,triplet_rms_warmup_smooth,2,,42,5.999999,0x8a739b2714301545,1.284
warmup0_triplet,triplet_rms_warmup_smooth,2,,43,5.999999,0x8a739b2714301545,1.284
warmup0_triplet,triplet_rms_warmup_smooth,2,,44,5.999999,0x8a739b2714301545,1.284
warmup0_triplet,triplet_rms_warmup_smooth,2,,45,5.999999,0x8a739b2714301545,1.284
warmup0_triplet,triplet_rms_warmup_smooth,2,,46,5.999999,0x8a739b2714301545,1.284
warmup0_triplet,triplet_rms_warmup_wd,3,,42,0.785157,0xae62e388d4083a66,1.462
warmup0_triplet,triplet_rms_warmup_wd,3,,43,1.614273,0xae62e388d4083a66,1.462
warmup0_triplet,triplet_rms_warmup_wd,3,,44,1.369380,0xae62e388d4083a66,1.462
warmup0_triplet,triplet_rms_warmup_wd,3,,45,0.724836,0xae62e388d4083a66,1.462
warmup0_triplet,triplet_rms_warmup_wd,3,,46,0.547710,0xae62e388d4083a66,1.462
warmup0_triplet,triplet_rms_warmup_dropout,4,,42,5.999999,0x0d298cb6a4a0ded5,1.326
warmup0_triplet,triplet_rms_warmup_dropout,4,,43,5.999999,0x0d298cb6a4a0ded5,1.326
warmup0_triplet,triplet_rms_warmup_dropout,4,,44,5.999999,0x0d298cb6a4a0ded5,1.326
warmup0_triplet,triplet_rms_warmup_dropout,4,,45,5.999999,0x0d298cb6a4a0ded5,1.326
warmup0_triplet,triplet_rms_warmup_dropout,4,,46,5.999999,0x0d298cb6a4a0ded5,1.326
warmup0_triplet,triplet_rms_gradclip_clamp,5,,42,5.999999,0x91127f42246f08bb,1.280
warmup0_triplet,triplet_rms_gradclip_clamp,5,,43,5.999999,0x91127f42246f08bb,1.280
warmup0_triplet,triplet_rms_gradclip_clamp,5,,44,5.999999,0x91127f42246f08bb,1.280
warmup0_triplet,triplet_rms_gradclip_clamp,5,,45,5.999999,0x91127f42246f08bb,1.280
warmup0_triplet,triplet_rms_gradclip_clamp,5,,46,5.999999,0x91127f42246f08bb,1.280
warmup0_triplet,triplet_rms_gradclip_smooth,6,,42,5.999999,0x6649f8a59a1a0924,1.279
warmup0_triplet,triplet_rms_gradclip_smooth,6,,43,5.999999,0x6649f8a59a1a0924,1.279
warmup0_triplet,triplet_rms_gradclip_smooth,6,,44,5.999999,0x6649f8a59a1a0924,1.279
warmup0_triplet,triplet_rms_gradclip_smooth,6,,45,5.999999,0x6649f8a59a1a0924,1.279
warmup0_triplet,triplet_rms_gradclip_smooth,6,,46,5.999999,0x6649f8a59a1a0924,1.279
warmup0_triplet,triplet_rms_gradclip_wd,7,,42,0.785157,0x3247a68d15899bab,1.442
warmup0_triplet,triplet_rms_gradclip_wd,7,,43,1.614273,0x3247a68d15899bab,1.442
warmup0_triplet,triplet_rms_gradclip_wd,7,,44,1.369380,0x3247a68d15899bab,1.442
warmup0_triplet,triplet_rms_gradclip_wd,7,,45,0.724836,0x3247a68d15899bab,1.442
warmup0_triplet,triplet_rms_gradclip_wd,7,,46,0.547710,0x3247a68d15899bab,1.442
warmup0_triplet,triplet_rms_gradclip_dropout,8,,42,5.999999,0x5794dc5953069414,1.328
warmup0_triplet,triplet_rms_gradclip_dropout,8,,43,5.999999,0x5794dc5953069414,1.328
warmup0_triplet,triplet_rms_gradclip_dropout,8,,44,5.999999,0x5794dc5953069414,1.328
warmup0_triplet,triplet_rms_gradclip_dropout,8,,45,5.999999,0x5794dc5953069414,1.328
warmup0_triplet,triplet_rms_gradclip_dropout,8,,46,5.999999,0x5794dc5953069414,1.328
warmup0_triplet,triplet_rms_clamp_smooth,9,,42,5.999999,0x6649f8a59a1a0924,1.285
warmup0_triplet,triplet_rms_clamp_smooth,9,,43,5.999999,0x6649f8a59a1a0924,1.285
warmup0_triplet,triplet_rms_clamp_smooth,9,,44,5.999999,0x6649f8a59a1a0924,1.285
warmup0_triplet,triplet_rms_clamp_smooth,9,,45,5.999999,0x6649f8a59a1a0924,1.285
warmup0_triplet,triplet_rms_clamp_smooth,9,,46,5.999999,0x6649f8a59a1a0924,1.285
warmup0_triplet,triplet_rms_clamp_wd,10,,42,0.785157,0x3247a68d15899bab,1.491
warmup0_triplet,triplet_rms_clamp_wd,10,,43,1.614273,0x3247a68d15899bab,1.491
warmup0_triplet,triplet_rms_clamp_wd,10,,44,1.369380,0x3247a68d15899bab,1.491
warmup0_triplet,triplet_rms_clamp_wd,10,,45,0.724836,0x3247a68d15899bab,1.491
warmup0_triplet,triplet_rms_clamp_wd,10,,46,0.547710,0x3247a68d15899bab,1.491
warmup0_triplet,triplet_rms_clamp_dropout,11,,42,5.999999,0x5794dc5953069414,1.341
warmup0_triplet,triplet_rms_clamp_dropout,11,,43,5.999999,0x5794dc5953069414,1.341
warmup0_triplet,triplet_rms_clamp_dropout,11,,44,5.999999,0x5794dc5953069414,1.341
warmup0_triplet,triplet_rms_clamp_dropout,11,,45,5.999999,0x5794dc5953069414,1.341
warmup0_triplet,triplet_rms_clamp_dropout,11,,46,5.999999,0x5794dc5953069414,1.341
warmup0_triplet,triplet_rms_smooth_wd,12,,42,0.785157,0xf5f6980461df88e0,1.458
warmup0_triplet,triplet_rms_smooth_wd,12,,43,1.614273,0xf5f6980461df88e0,1.458
warmup0_triplet,triplet_rms_smooth_wd,12,,44,1.369380,0xf5f6980461df88e0,1.458
warmup0_triplet,triplet_rms_smooth_wd,12,,45,0.724836,0xf5f6980461df88e0,1.458
warmup0_triplet,triplet_rms_smooth_wd,12,,46,0.547710,0xf5f6980461df88e0,1.458
warmup0_triplet,triplet_rms_smooth_dropout,13,,42,5.999999,0x3ee6fd58c6b15367,1.353
warmup0_triplet,triplet_rms_smooth_dropout,13,,43,5.999999,0x3ee6fd58c6b15367,1.353
warmup0_triplet,triplet_rms_smooth_dropout,13,,44,5.999999,0x3ee6fd58c6b15367,1.353
warmup0_triplet,triplet_rms_smooth_dropout,13,,45,5.999999,0x3ee6fd58c6b15367,1.353
warmup0_triplet,triplet_rms_smooth_dropout,13,,46,5.999999,0x3ee6fd58c6b15367,1.353
warmup0_triplet,triplet_rms_wd_dropout,14,,42,0.659831,0xaccaa567475eb804,1.528
warmup0_triplet,triplet_rms_wd_dropout,14,,43,1.261980,0xaccaa567475eb804,1.528
warmup0_triplet,triplet_rms_wd_dropout,14,,44,1.203013,0xaccaa567475eb804,1.528
warmup0_triplet,triplet_rms_wd_dropout,14,,45,0.743538,0xaccaa567475eb804,1.528
warmup0_triplet,triplet_rms_wd_dropout,14,,46,1.011571,0xaccaa567475eb804,1.528
warmup0_triplet,triplet_warmup_gradclip_clamp,15,,42,5.088123,0xf8f9602a9a375dd6,1.510
warmup0_triplet,triplet_warmup_gradclip_clamp,15,,43,5.104992,0xf8f9602a9a375dd6,1.510
warmup0_triplet,triplet_warmup_gradclip_clamp,15,,44,5.175659,0xf8f9602a9a375dd6,1.510
warmup0_triplet,triplet_warmup_gradclip_clamp,15,,45,5.118495,0xf8f9602a9a375dd6,1.510
warmup0_triplet,triplet_warmup_gradclip_clamp,15,,46,5.083070,0xf8f9602a9a375dd6,1.510
warmup0_triplet,triplet_warmup_gradclip_smooth,16,,42,5.088123,0x009f5a10060e3259,1.535
warmup0_triplet,triplet_warmup_gradclip_smooth,16,,43,5.104992,0x009f5a10060e3259,1.535
warmup0_triplet,triplet_warmup_gradclip_smooth,16,,44,5.175659,0x009f5a10060e3259,1.535
warmup0_triplet,triplet_warmup_gradclip_smooth,16,,45,5.118495,0x009f5a10060e3259,1.535
warmup0_triplet,triplet_warmup_gradclip_smooth,16,,46,5.083070,0x009f5a10060e3259,1.535
warmup0_triplet,triplet_warmup_gradclip_wd,17,,42,0.257762,0xae0b2a0e77dec666,1.933
warmup0_triplet,triplet_warmup_gradclip_wd,17,,43,0.254067,0xae0b2a0e77dec666,1.933
warmup0_triplet,triplet_warmup_gradclip_wd,17,,44,0.402036,0xae0b2a0e77dec666,1.933
warmup0_triplet,triplet_warmup_gradclip_wd,17,,45,0.284965,0xae0b2a0e77dec666,1.933
warmup0_triplet,triplet_warmup_gradclip_wd,17,,46,0.713807,0xae0b2a0e77dec666,1.933
warmup0_triplet,triplet_warmup_gradclip_dropout,18,,42,5.006084,0x229ef56bfde34f95,1.723
warmup0_triplet,triplet_warmup_gradclip_dropout,18,,43,5.061947,0x229ef56bfde34f95,1.723
warmup0_triplet,triplet_warmup_gradclip_dropout,18,,44,5.028070,0x229ef56bfde34f95,1.723
warmup0_triplet,triplet_warmup_gradclip_dropout,18,,45,5.053823,0x229ef56bfde34f95,1.723
warmup0_triplet,triplet_warmup_gradclip_dropout,18,,46,5.041108,0x229ef56bfde34f95,1.723
warmup0_triplet,triplet_warmup_clamp_smooth,19,,42,5.108934,0x009f5a10060e3259,1.907
warmup0_triplet,triplet_warmup_clamp_smooth,19,,43,5.109877,0x009f5a10060e3259,1.907
warmup0_triplet,triplet_warmup_clamp_smooth,19,,44,5.162536,0x009f5a10060e3259,1.907
warmup0_triplet,triplet_warmup_clamp_smooth,19,,45,5.138375,0x009f5a10060e3259,1.907
warmup0_triplet,triplet_warmup_clamp_smooth,19,,46,5.140157,0x009f5a10060e3259,1.907
warmup0_triplet,triplet_warmup_clamp_wd,20,,42,0.263212,0xae0b2a0e77dec666,1.571
warmup0_triplet,triplet_warmup_clamp_wd,20,,43,0.258395,0xae0b2a0e77dec666,1.571
warmup0_triplet,triplet_warmup_clamp_wd,20,,44,0.242818,0xae0b2a0e77dec666,1.571
warmup0_triplet,triplet_warmup_clamp_wd,20,,45,0.269532,0xae0b2a0e77dec666,1.571
warmup0_triplet,triplet_warmup_clamp_wd,20,,46,0.251931,0xae0b2a0e77dec666,1.571
warmup0_triplet,triplet_warmup_clamp_dropout,21,,42,4.983576,0x229ef56bfde34f95,1.664
warmup0_triplet,triplet_warmup_clamp_dropout,21,,43,5.036129,0x229ef56bfde34f95,1.664
warmup0_triplet,triplet_warmup_clamp_dropout,21,,44,5.055425,0x229ef56bfde34f95,1.664
warmup0_triplet,triplet_warmup_clamp_dropout,21,,45,5.075997,0x229ef56bfde34f95,1.664
warmup0_triplet,triplet_warmup_clamp_dropout,21,,46,5.036341,0x229ef56bfde34f95,1.664
warmup0_triplet,triplet_warmup_smooth_wd,22,,42,0.263212,0x791ac26f51670da5,1.556
warmup0_triplet,triplet_warmup_smooth_wd,22,,43,0.258395,0x791ac26f51670da5,1.556
warmup0_triplet,triplet_warmup_smooth_wd,22,,44,0.242818,0x791ac26f51670da5,1.556
warmup0_triplet,triplet_warmup_smooth_wd,22,,45,0.269532,0x791ac26f51670da5,1.556
warmup0_triplet,triplet_warmup_smooth_wd,22,,46,0.251931,0x791ac26f51670da5,1.556
warmup0_triplet,triplet_warmup_smooth_dropout,23,,42,4.983576,0x2d9c32deab2b7fc6,1.685
warmup0_triplet,triplet_warmup_smooth_dropout,23,,43,5.036129,0x2d9c32deab2b7fc6,1.685
warmup0_triplet,triplet_warmup_smooth_dropout,23,,44,5.055425,0x2d9c32deab2b7fc6,1.685
warmup0_triplet,triplet_warmup_smooth_dropout,23,,45,5.075997,0x2d9c32deab2b7fc6,1.685
warmup0_triplet,triplet_warmup_smooth_dropout,23,,46,5.036341,0x2d9c32deab2b7fc6,1.685
warmup0_triplet,triplet_warmup_wd_dropout,24,,42,0.763957,0xe7abd2f0afd95725,1.568
warmup0_triplet,triplet_warmup_wd_dropout,24,,43,0.718357,0xe7abd2f0afd95725,1.568
warmup0_triplet,triplet_warmup_wd_dropout,24,,44,0.831661,0xe7abd2f0afd95725,1.568
warmup0_triplet,triplet_warmup_wd_dropout,24,,45,0.280913,0xe7abd2f0afd95725,1.568
warmup0_triplet,triplet_warmup_wd_dropout,24,,46,0.283562,0xe7abd2f0afd95725,1.568
warmup0_triplet,triplet_gradclip_clamp_smooth,25,,42,5.088123,0xca182d0c5c3f5ee0,1.710
warmup0_triplet,triplet_gradclip_clamp_smooth,25,,43,5.104992,0xca182d0c5c3f5ee0,1.710
warmup0_triplet,triplet_gradclip_clamp_smooth,25,,44,5.175659,0xca182d0c5c3f5ee0,1.710
warmup0_triplet,triplet_gradclip_clamp_smooth,25,,45,5.118495,0xca182d0c5c3f5ee0,1.710
warmup0_triplet,triplet_gradclip_clamp_smooth,25,,46,5.083070,0xca182d0c5c3f5ee0,1.710
warmup0_triplet,triplet_gradclip_clamp_wd,26,,42,0.257762,0xd18b50238846a7ab,1.557
warmup0_triplet,triplet_gradclip_clamp_wd,26,,43,0.254067,0xd18b50238846a7ab,1.557
warmup0_triplet,triplet_gradclip_clamp_wd,26,,44,0.402036,0xd18b50238846a7ab,1.557
warmup0_triplet,triplet_gradclip_clamp_wd,26,,45,0.284965,0xd18b50238846a7ab,1.557
warmup0_triplet,triplet_gradclip_clamp_wd,26,,46,0.713807,0xd18b50238846a7ab,1.557
warmup0_triplet,triplet_gradclip_clamp_dropout,27,,42,5.006084,0xd2a4045eda386ad4,1.665
warmup0_triplet,triplet_gradclip_clamp_dropout,27,,43,5.061947,0xd2a4045eda386ad4,1.665
warmup0_triplet,triplet_gradclip_clamp_dropout,27,,44,5.028070,0xd2a4045eda386ad4,1.665
warmup0_triplet,triplet_gradclip_clamp_dropout,27,,45,5.053823,0xd2a4045eda386ad4,1.665
warmup0_triplet,triplet_gradclip_clamp_dropout,27,,46,5.041108,0xd2a4045eda386ad4,1.665
warmup0_triplet,triplet_gradclip_smooth_wd,28,,42,0.257762,0x85292ad0739b82c4,1.509
warmup0_triplet,triplet_gradclip_smooth_wd,28,,43,0.254067,0x85292ad0739b82c4,1.509
warmup0_triplet,triplet_gradclip_smooth_wd,28,,44,0.402036,0x85292ad0739b82c4,1.509
warmup0_triplet,triplet_gradclip_smooth_wd,28,,45,0.284965,0x85292ad0739b82c4,1.509
warmup0_triplet,triplet_gradclip_smooth_wd,28,,46,0.713807,0x85292ad0739b82c4,1.509
warmup0_triplet,triplet_gradclip_smooth_dropout,29,,42,5.006084,0x492ef23af38576bb,1.660
warmup0_triplet,triplet_gradclip_smooth_dropout,29,,43,5.061947,0x492ef23af38576bb,1.660
warmup0_triplet,triplet_gradclip_smooth_dropout,29,,44,5.028070,0x492ef23af38576bb,1.660
warmup0_triplet,triplet_gradclip_smooth_dropout,29,,45,5.053823,0x492ef23af38576bb,1.660
warmup0_triplet,triplet_gradclip_smooth_dropout,29,,46,5.041108,0x492ef23af38576bb,1.660
warmup0_triplet,triplet_gradclip_wd_dropout,30,,42,0.715138,0xac72ebeceb354404,1.553
warmup0_triplet,triplet_gradclip_wd_dropout,30,,43,0.695619,0xac72ebeceb354404,1.553
warmup0_triplet,triplet_gradclip_wd_dropout,30,,44,0.801220,0xac72ebeceb354404,1.553
warmup0_triplet,triplet_gradclip_wd_dropout,30,,45,0.311537,0xac72ebeceb354404,1.553
warmup0_triplet,triplet_gradclip_wd_dropout,30,,46,0.269571,0xac72ebeceb354404,1.553
warmup0_triplet,triplet_clamp_smooth_wd,31,,42,0.263212,0x85292ad0739b82c4,1.549
warmup0_triplet,triplet_clamp_smooth_wd,31,,43,0.258395,0x85292ad0739b82c4,1.549
warmup0_triplet,triplet_clamp_smooth_wd,31,,44,0.242818,0x85292ad0739b82c4,1.549
warmup0_triplet,triplet_clamp_smooth_wd,31,,45,0.269532,0x85292ad0739b82c4,1.549
warmup0_triplet,triplet_clamp_smooth_wd,31,,46,0.251931,0x85292ad0739b82c4,1.549
warmup0_triplet,triplet_clamp_smooth_dropout,32,,42,4.983576,0x492ef23af38576bb,1.631
warmup0_triplet,triplet_clamp_smooth_dropout,32,,43,5.036129,0x492ef23af38576bb,1.631
warmup0_triplet,triplet_clamp_smooth_dropout,32,,44,5.055425,0x492ef23af38576bb,1.631
warmup0_triplet,triplet_clamp_smooth_dropout,32,,45,5.075997,0x492ef23af38576bb,1.631
warmup0_triplet,triplet_clamp_smooth_dropout,32,,46,5.036341,0x492ef23af38576bb,1.631
warmup0_triplet,triplet_clamp_wd_dropout,33,,42,0.763957,0xac72ebeceb354404,1.752
warmup0_triplet,triplet_clamp_wd_dropout,33,,43,0.718357,0xac72ebeceb354404,1.752
warmup0_triplet,triplet_clamp_wd_dropout,33,,44,0.831661,0xac72ebeceb354404,1.752
warmup0_triplet,triplet_clamp_wd_dropout,33,,45,0.280913,0xac72ebeceb354404,1.752
warmup0_triplet,triplet_clamp_wd_dropout,33,,46,0.283562,0xac72ebeceb354404,1.752
warmup0_triplet,triplet_smooth_wd_dropout,34,,42,0.763957,0xd7e8f170232b7c87,1.505
warmup0_triplet,triplet_smooth_wd_dropout,34,,43,0.718357,0xd7e8f170232b7c87,1.505
warmup0_triplet,triplet_smooth_wd_dropout,34,,44,0.831661,0xd7e8f170232b7c87,1.505
warmup0_triplet,triplet_smooth_wd_dropout,34,,45,0.280913,0xd7e8f170232b7c87,1.505
warmup0_triplet,triplet_smooth_wd_dropout,34,,46,0.283562,0xd7e8f170232b7c87,1.505
